Descricao,Segmento,Dimensao,Nota
Peça conforme na primeira inspeção,Usinagem,Qualidade,5
No prazo,,Prazo,5
Mais de 10% abaixo da média dos orçamentos,,Custo,5
1-2 cotas precisam de ajuste,Usinagem,Qualidade,4
1 dia de atraso,,Prazo,4
Entre 10% abaixo e na média dos orçamentos,,Custo,4
3-4 cotas precisam de ajuste,Usinagem,Qualidade,3
2 dias de atraso,,Prazo,3
Entre 10% acima e na média dos orçamentos,,Custo,3
5-6 cotas precisam de ajuste,Usinagem,Qualidade,2
4 dias de atraso,,Prazo,2
Entre 10% e 20% acima da média dos orçamentos,,Custo,2
>8 cotas precisam de ajuste,Usinagem,Qualidade,1
> de 1 semana de atraso,,Prazo,1
Mais de 20% acima da média dos orçamentos,,Custo,1
Peça morta,Usinagem,Qualidade,0
Não entregou,,Prazo,0
Mais de 50% acima da média dos orçamentos,,Custo,0
Peça conforme na primeira inspeção,Caldeiraria,Qualidade,5
1-2 cotas precisam de ajuste,Caldeiraria,Qualidade,4
3-4 cotas precisam de ajuste,Caldeiraria,Qualidade,3
5-6 cotas precisam de ajuste,Caldeiraria,Qualidade,2
>8 cotas precisam de ajuste,Caldeiraria,Qualidade,1
Peça morta,Caldeiraria,Qualidade,0
Camada perfeita,Pintura,Qualidade,5
Espessura de camada irregular,Pintura,Qualidade,4
Presença de manchas ou sangramento,Pintura,Qualidade,3
"Presença de: escorrimento, enrugamento ou empolamento",Pintura,Qualidade,2
"Inclusão de abrasivos, contaminantes ou pelos",Pintura,Qualidade,1
"Presença de: cracreamento, descascamento ou poros",Pintura,Qualidade,0
Dentro dos parâmetros de dureza,Tratamento Térmico/Superficial,Qualidade,5
Até 2% de variação na dureza,Tratamento Térmico/Superficial,Qualidade,4
Até 3% de variação na dureza,Tratamento Térmico/Superficial,Qualidade,3
Até 5% de variação na dureza,Tratamento Térmico/Superficial,Qualidade,2
Até 10% de variação na dureza,Tratamento Térmico/Superficial,Qualidade,1
Mais de 10% de variação na dureza,Tratamento Térmico/Superficial,Qualidade,0
