Empresa,CNPJ,Telefone,Email,Endereco,Responsavel,Ativo,Observacoes
ANGRA,,,,,,Sim,
CALINUS,,,,,,Sim,
DARC,,,,,,Sim,
EISEN,,479917-0757,,"R. dos Suíços, 135 - Vila Nova, Joinville - SC, 89237-000",Eleandro,Sim,
EJP,,4799621-1551,,"Rua Tenente Antonio Joao, 2405 - CEP: 89223-100, Bom Retiro - Joinville - SC",Jonatan,Sim,
ELMECA,,,,,,Sim,
EVGALVANOPLASTIA,,,,,,Sim,
FAG (engrenagens),,,,,,Sim,
FASTPARTS,,,,,,Sim,
GALVANO,,,,,,Sim,
GUERCAM,,,,,,Sim,
KALDEVILLE,,,,,,Sim,
LADI'S,,,,,,Sim,
LANFIBRAS,,,,,,Sim,
LASERVILLE,,,,,,Sim,
MAC LASER,,,,,,Sim,
MEDEIROS,,,,,,Sim,
PERFECTON,,,,,,Sim,
POLICROMO,,,,,,Sim,
PROTVILLE,,,,,,Sim,
SCM,,,,,,Sim,
SOLUSI,,,,,,Sim,
TECHNOFIL,,,,,,Sim,
TECNOTÊMPERA,,,,,,Sim,
TEMPERAVILLE,,,,,,Sim,
USIFIL,,,,,,Sim,
USITEC,,4799942-4736,,"Rua Werner Goll, 64 - Nova brasilia - Joinville / SC - CEP 89.214-620",Gabriel,Sim,
VITARI,,,,,,Sim,
VRM,,,,,,Sim,
WELDVISION,,,,,,Sim,
