Projeto,Vinculo,DataOrcamento,Projetista,Relato,ValorOrcado,DataPrevista,DataEntrega,NotaQualidade,NotaPrazo,NotaCusto
RDA-R,EISEN — Usinagem,2024-08-19,André,,,,,4,3,1
RDA-R,EISEN — Usinagem,2024-08-20,André,,,,,4,5,5
RDA-R,EISEN — Usinagem,2024-09-02,André,,,,,5,3,3
RDA-R,EISEN — Usinagem,2025-01-29,André,,,,,1,3,1
MICROSEAL,EISEN — Usinagem,2025-11-14,André,,,,,2,1,1
CORAL-SOL,EISEN — Usinagem,2026-05-11,André,,,,,4,5,1
RDA-R,USITEC — Usinagem,2026-02-03,André,,,,,5,5,3
RDA-R,GUERCAM — Usinagem,2025-01-20,André,,,,,5,5,1
RDA-R,VITARI — Caldeiraria,2024-09-17,André,,,,,4,4,1
CORAL-SOL,VITARI — Caldeiraria,2026-08-10,André,,,,,5,5,3
