Fornecedor;Segmento;Status
EISEN;Usinagem;Homologado
USITEC;Usinagem;Em avaliação
GUERCAM;Usinagem;Em avaliação
USIFIL;Usinagem;Especializado
MEDEIROS;Usinagem;Em avaliação
SOLUSI;Usinagem;Em avaliação
VRM;Usinagem;Em avaliação
TECHNOFIL;Usinagem;Especializado
FAG (engrenagens);Usinagem;Especializado
PERFECTON;Usinagem;Em avaliação
VITARI;Caldeiraria;Homologado
ELMECA;Caldeiraria;Em avaliação
CALINUS;Caldeiraria;Em avaliação
MAC LASER;Caldeiraria;Em avaliação
LASERVILLE;Caldeiraria;Em avaliação
KALDEVILLE;Caldeiraria;Em avaliação
DARC;Caldeiraria;Em avaliação
SCM;Caldeiraria;Em avaliação
WELDVISION;Caldeiraria;Em avaliação
LADI'S;Pintura;Especializado
POLICROMO;Pintura;Em avaliação
GALVANO;Pintura;Em avaliação
EVGALVANOPLASTIA;Pintura;Em avaliação
ANGRA;Tratamento Térmico/Superficial;Em avaliação
TECNOTÊMPERA;Tratamento Térmico/Superficial;Em avaliação
TEMPERAVILLE;Tratamento Térmico/Superficial;Em avaliação
PROTVILLE;Prototipagem (Compósito);Em avaliação
LANFIBRAS;Prototipagem (Compósito);Especializado
FASTPARTS;Prototipagem (Compósito);Em avaliação
EJP;Caldeiraria;Em avaliação
