Title;Telefone;Endereco;Responsavel
ANGRA;;;
CALINUS;;;
DARC;;;
EISEN;479917-0757;R. dos Suíços, 135 - Vila Nova, Joinville - SC, 89237-000;Eleandro
EJP;4799621-1551;Rua Tenente Antonio Joao, 2405 - CEP: 89223-100, Bom Retiro - Joinville - SC;Jonatan
ELMECA;;;
EVGALVANOPLASTIA;;;
FAG (engrenagens);;;
FASTPARTS;;;
GALVANO;;;
GUERCAM;;;
KALDEVILLE;;;
LADI'S;;;
LANFIBRAS;;;
LASERVILLE;;;
MAC LASER;;;
MEDEIROS;;;
PERFECTON;;;
POLICROMO;;;
PROTVILLE;;;
SCM;;;
SOLUSI;;;
TECHNOFIL;;;
TECNOTÊMPERA;;;
TEMPERAVILLE;;;
USIFIL;;;
USITEC;4799942-4736;Rua Werner Goll, 64 - Nova brasilia - Joinville / SC - CEP 89.214-620;Gabriel
VITARI;;;
VRM;;;
WELDVISION;;;
